,status_code,url,start_time,end_time,latency_ms,request_body.messages.0.role,request_body.messages.0.content,request_body.model,response_body.id,response_body.object,response_body.created,response_body.model,response_body.choices.0.index,response_body.choices.0.message.role,response_body.choices.0.message.content,response_body.choices.0.finish_reason,response_body.usage.prompt_tokens,response_body.usage.completion_tokens,response_body.usage.total_tokens,response_body.system_fingerprint,prompt_token_cost,completion_token_cost,total_token_cost
0,200,https://api.openai.com/v1/chat/completions,1701786382.864574,1701786392.07059,9206.016063690186,user,What is the significance of the Turing Test in Artificial Intelligence?,gpt-4,chatcmpl-8SQfP3wSISatmgGj1J5jPUqMvNSVp,chat.completion,1701786383,gpt-4-0613,0,assistant,"The Turing Test, proposed by British mathematician and computer scientist Alan Turing, plays a significant role in artificial intelligence (AI). It is historically regarded as the benchmark for determining if a machine can demonstrate human-like intelligence. It postulates that if a machine can engage in a conversation with a human via text and the human cannot reliably distinguish between the machine and another human, then the machine is said to have passed the Turing Test and displayed intelligent behaviour. This test played a pivotal role in prompting scientists and researchers to explore the domain of AI and machine learning. It served as a foundational concept in discussions about AI capabilities, sparking questions about machines having consciousness, human-level intelligence, and the ethical implications of developing such advanced AIs.",stop,19,144,163,,0.00057,0.008639999999999998,0.009209999999999998
1,200,https://api.openai.com/v1/chat/completions,1701786367.088358,1701786382.854024,15765.666007995605,user,Explain the process of photosynthesis in plants.,gpt-4,chatcmpl-8SQf94RzZ4G64yzIPEF7EOM3e5zyJ,chat.completion,1701786367,gpt-4-0613,0,assistant,"Photosynthesis is the process by which plants, some bacteria, and some protists convert light energy, usually from the sun, into chemical energy in the form of glucose (sugar). The process primarily involves the green pigment chlorophyll and generates oxygen as a byproduct.

Photosynthesis takes place within the chloroplasts in the plant cells, specifically using their thylakoid membrane. The overall process can be represented by the following chemical equation:

6CO2 + 6H2O + light energy â†’ C6H12O6 (glucose) + 6O2

This process is divided into two distinct parts:

1) Light-Dependent Reactions: These reactions occur in the thylakoid membranes of the chloroplasts where chlorophyll and other photosynthetic pigments absorb light energy and convert it into chemical energy (ATP and NADPH). Water molecules are broken down, releasing oxygen gas and transferring electrons.

2) Light-Independent Reactions (Calvin Cycle): These reactions occur in the stroma of the chloroplasts, where the ATP and NADPH generated in the light-dependent reactions combine with carbon dioxide to produce glucose.

Hence, the process of photosynthesis helps in the conversion of light energy into chemical energy, which is stored in the form of sugar and other organic molecules, and in the production of oxygen. This process is vital for life on earth since it provides all the organic compounds and most of the energy necessary for life.",stop,17,302,319,,0.00051,0.018119999999999997,0.018629999999999997
2,200,https://api.openai.com/v1/chat/completions,1701786365.9668229,1701786367.080485,1113.6622428894043,user,What is the capital of the United States?,gpt-4,chatcmpl-8SQf85ZDiTuWCIh2venpkweSHtR8g,chat.completion,1701786366,gpt-4-0613,0,assistant,The capital of the United States is Washington D.C.,stop,16,11,27,,0.00048,0.0006599999999999999,0.00114
3,200,https://api.openai.com/v1/chat/completions,1701786364.3310158,1701786365.956084,1625.068187713623,user,Who is the creator of Doom?,gpt-4,chatcmpl-8SQf6MMMGrDOrRH1kM613nLrxeS9c,chat.completion,1701786364,gpt-4-0613,0,assistant,"Doom was created by a team at id Software, led by John Carmack and John Romero.",stop,14,20,34,,0.00042,0.0012,0.00162
4,200,https://api.openai.com/v1/chat/completions,1701786353.340051,1701786364.318976,10978.924989700317,user,Write a python program to sum the list of numbers,gpt-4,chatcmpl-8SQeyEfKa5f3kWOJIUYiVcSVztATU,chat.completion,1701786356,gpt-4-0613,0,assistant,"Sure, here is a simple Python program to sum the numbers in a list:

```python
def sum_numbers(numbers):
    return sum(numbers)

# Testing the function
numbers = [1, 2, 3, 4, 5]
print(sum_numbers(numbers))
```

In the given code, we have defined a function `sum_numbers` which takes a list of numbers as input and returns their sum. The built-in `sum` function in Python is used to calculate the sum of numbers in the list. We then test our function with a list of numbers [1, 2, 3, 4, 5] and print the result.",stop,17,136,153,,0.00051,0.00816,0.00867
